video_20251208_203317,,,droit
4094,,,
4802,,,
5215,,,
6702,,,
6841,,,
6987,,,
7119,,,
7266,,,
7406,,,
8824,,,
9115,,,
9260,,,
9401,,,
9547,,,
9691,,,
9855,,,
10006,,,
10508,,,
10660,,,
10807,,,
10951,,,
11110,,,
12084,,,
12230,,,
12788,,,
12944,,,
13221,,,
13961,,,
14104,,,
14256,,,
14386,,,
15392,,,
15687,,,
15830,,,
16104,,,
16245,,,
16382,,,
18566,,,
18995,,,
19702,,,
19835,,,
20113,,,
20251,,,
20397,,,
20665,,,
20950,,,
21102,,,
21261,,,
21407,,,
21562,,,
21912,,,
22049,,,
23075,,,
23216,,,
23361,,,
23515,,,
23671,,,
24383,,,
24523,,,
24670,,,
24802,,,
25092,,,
25221,,,
25365,,,
